date,mitte,friedrichshain_kreuzberg,pankow,charlottenburg_wilmersdorf,spandau,steglitz_zehlendorf,tempelhof_schoeneberg,neukoelln,treptow_koepenick,marzahn_hellersdorf,lichtenberg,reinickendorf,7_days_incidence
2021-11-19,218.0,91.0,187.0,242.0,167.0,1.0,130.0,123.0,165.0,55.0,52.0,215.0,366.6
2021-11-18,231.0,222.0,313.0,53.0,185.0,107.0,172.0,159.0,223.0,80.0,278.0,151.0,365.4
2021-11-17,267.0,270.0,325.0,280.0,211.0,96.0,195.0,248.0,251.0,160.0,197.0,206.0,366.1
2021-11-16,251.0,221.0,287.0,286.0,219.0,147.0,226.0,349.0,191.0,118.0,223.0,251.0,347.2
2021-11-15,415.0,239.0,272.0,123.0,112.0,234.0,361.0,274.0,219.0,74.0,314.0,225.0,329.4
2021-11-14,,59.0,,2.0,96.0,36.0,,5.0,2.0,,,87.0,325.1
2021-11-13,1.0,223.0,210.0,29.0,,90.0,1.0,3.0,,,,36.0,316.0
2021-11-12,237.0,150.0,325.0,153.0,170.0,148.0,160.0,222.0,147.0,126.0,27.0,178.0,298.3
2021-11-11,277.0,170.0,295.0,174.0,127.0,168.0,243.0,228.0,146.0,114.0,41.0,147.0,283.7
2021-11-10,274.0,250.0,325.0,239.0,137.0,170.0,304.0,254.0,192.0,211.0,208.0,167.0,252.4
2021-11-09,197.0,308.0,189.0,143.0,100.0,215.0,152.0,294.0,124.0,84.0,142.0,126.0,233.8
2021-11-08,279.0,201.0,206.0,194.0,127.0,94.0,248.0,261.0,192.0,73.0,187.0,151.0,207.4
2021-11-07,,9.0,,,64.0,5.0,1.0,13.0,,,,37.0,207.0
2021-11-06,3.0,55.0,108.0,41.0,,31.0,1.0,1.0,7.0,,,13.0,207.4
2021-11-05,153.0,77.0,119.0,97.0,114.0,97.0,151.0,96.0,66.0,166.0,107.0,150.0,196.0
2021-11-04,186.0,140.0,186.0,140.0,115.0,100.0,106.0,165.0,105.0,70.0,117.0,164.0,180.5
2021-11-03,149.0,160.0,134.0,109.0,139.0,102.0,141.0,170.0,120.0,138.0,117.0,105.0,170.3
2021-11-02,161.0,97.0,170.0,98.0,71.0,138.0,142.0,161.0,79.0,25.0,107.0,146.0,164.8
2021-11-01,175.0,71.0,114.0,70.0,47.0,94.0,113.0,148.0,65.0,85.0,135.0,126.0,155.9
2021-10-31,5.0,9.0,,,53.0,1.0,1.0,28.0,16.0,,,3.0,153.9
2021-10-30,2.0,23.0,116.0,75.0,,1.0,3.0,33.0,11.0,,,9.0,153.7
2021-10-29,115.0,122.0,82.0,50.0,72.0,58.0,89.0,63.0,57.0,73.0,83.0,111.0,147.1
2021-10-28,121.0,91.0,83.0,82.0,89.0,60.0,77.0,121.0,81.0,71.0,61.0,91.0,140.0
2021-10-27,182.0,97.0,112.0,85.0,86.0,78.0,123.0,148.0,62.0,58.0,80.0,99.0,133.7
2021-10-26,117.0,129.0,114.0,84.0,65.0,88.0,126.0,179.0,76.0,70.0,62.0,83.0,124.3
2021-10-25,143.0,61.0,83.0,63.0,54.0,60.0,119.0,79.0,29.0,45.0,95.0,87.0,122.6
2021-10-24,1.0,,,,31.0,,1.0,5.0,,,,5.0,123.4
2021-10-23,8.0,72.0,52.0,59.0,,10.0,,24.0,,,,41.0,121.7
2021-10-22,126.0,92.0,80.0,61.0,54.0,50.0,62.0,55.0,25.0,36.0,49.0,41.0,119.0
2021-10-21,93.0,47.0,53.0,62.0,46.0,62.0,110.0,89.0,48.0,33.0,42.0,83.0,112.4
2021-10-20,104.0,95.0,80.0,98.0,77.0,40.0,79.0,109.0,80.0,71.0,51.0,97.0,102.4
2021-10-19,128.0,84.0,70.0,50.0,52.0,53.0,129.0,106.0,5.0,39.0,56.0,76.0,98.5
2021-10-18,138.0,70.0,45.0,37.0,34.0,82.0,89.0,109.0,53.0,50.0,84.0,65.0,93.5
2021-10-17,1.0,,,,38.0,1.0,2.0,21.0,6.0,,,4.0,92.2
2021-10-16,1.0,49.0,42.0,52.0,,1.0,1.0,26.0,12.0,,,20.0,90.2
2021-10-15,88.0,59.0,56.0,31.0,43.0,30.0,53.0,69.0,31.0,59.0,44.0,68.0,87.5
2021-10-14,93.0,47.0,35.0,40.0,37.0,34.0,45.0,75.0,24.0,22.0,33.0,39.0,87.5
2021-10-13,76.0,61.0,53.0,48.0,38.0,32.0,75.0,58.0,46.0,43.0,36.0,51.0,87.0
2021-10-12,108.0,74.0,57.0,51.0,47.0,56.0,65.0,75.0,32.0,22.0,37.0,80.0,85.8
2021-10-11,110.0,56.0,34.0,27.0,51.0,39.0,81.0,73.0,18.0,59.0,82.0,43.0,84.4
2021-10-10,,,,,16.0,2.0,,5.0,,,,4.0,85.3
2021-10-09,1.0,27.0,38.0,33.0,,2.0,,16.0,3.0,,,8.0,84.0
2021-10-08,80.0,51.0,41.0,34.0,34.0,39.0,39.0,53.0,30.0,39.0,33.0,61.0,82.6
2021-10-07,93.0,46.0,34.0,29.0,42.0,34.0,40.0,51.0,22.0,32.0,38.0,62.0,82.0
2021-10-06,77.0,49.0,40.0,61.0,42.0,19.0,70.0,70.0,22.0,45.0,42.0,60.0,84.6
2021-10-05,84.0,80.0,53.0,42.0,48.0,40.0,61.0,86.0,26.0,39.0,40.0,64.0,82.5
2021-10-04,75.0,57.0,40.0,43.0,53.0,46.0,62.0,84.0,14.0,45.0,54.0,46.0,82.0
2021-10-03,2.0,1.0,,,21.0,1.0,,3.0,11.0,,,21.0,81.1
2021-10-02,2.0,,24.0,22.0,,5.0,,9.0,8.0,,,12.0,81.1
2021-10-01,61.0,26.0,53.0,33.0,34.0,25.0,52.0,75.0,26.0,32.0,25.0,42.0,80.8
2021-09-30,39.0,54.0,47.0,40.0,43.0,21.0,59.0,51.0,33.0,28.0,37.0,47.0,78.6
2021-09-29,76.0,81.0,59.0,42.0,50.0,33.0,60.0,103.0,57.0,47.0,25.0,59.0,75.4
2021-09-28,92.0,77.0,44.0,38.0,39.0,36.0,60.0,50.0,32.0,26.0,30.0,62.0,73.3
2021-09-27,73.0,65.0,61.0,31.0,39.0,40.0,54.0,82.0,39.0,35.0,45.0,36.0,73.1
2021-09-26,2.0,2.0,,,,,,4.0,,,,19.0,72.7
2021-09-25,6.0,18.0,,17.0,14.0,,,4.0,1.0,,,24.0,73.2
2021-09-24,56.0,52.0,48.0,40.0,17.0,18.0,53.0,67.0,40.0,18.0,19.0,46.0,71.9
2021-09-23,42.0,30.0,34.0,31.0,36.0,25.0,42.0,43.0,26.0,25.0,28.0,55.0,73.4
2021-09-22,72.0,66.0,63.0,35.0,37.0,29.0,63.0,64.0,23.0,52.0,27.0,43.0,75.2
2021-09-21,86.0,43.0,46.0,21.0,39.0,30.0,44.0,60.0,32.0,15.0,29.0,63.0,78.7
2021-09-20,100.0,39.0,52.0,52.0,31.0,22.0,63.0,90.0,30.0,27.0,64.0,23.0,82.3
2021-09-19,1.0,,,,,,,2.0,,,,12.0,82.3
2021-09-18,1.0,23.0,,19.0,12.0,1.0,,10.0,6.0,,,30.0,82.4
2021-09-17,82.0,34.0,44.0,26.0,54.0,28.0,50.0,39.0,1.0,24.0,13.0,31.0,85.9
2021-09-16,55.0,48.0,45.0,35.0,36.0,24.0,43.0,67.0,30.0,28.0,24.0,36.0,89.0
2021-09-15,95.0,54.0,57.0,34.0,61.0,32.0,61.0,71.0,39.0,23.0,56.0,59.0,89.8
2021-09-14,86.0,66.0,40.0,50.0,82.0,40.0,55.0,79.0,28.0,13.0,34.0,61.0,90.6
2021-09-13,103.0,74.0,70.0,79.0,49.0,25.0,65.0,99.0,45.0,40.0,47.0,28.0,90.5
2021-09-12,1.0,,,,1.0,2.0,,,,,,12.0,91.2
2021-09-11,,13.0,,,38.0,20.0,,1.0,6.0,,,30.0,92.4
2021-09-10,67.0,44.0,40.0,39.0,69.0,32.0,66.0,58.0,34.0,20.0,21.0,62.0,90.7
2021-09-09,99.0,50.0,29.0,40.0,85.0,22.0,63.0,62.0,22.0,16.0,45.0,52.0,87.8
2021-09-08,88.0,60.0,41.0,64.0,87.0,29.0,58.0,51.0,39.0,38.0,58.0,59.0,87.9
2021-09-07,83.0,85.0,52.0,52.0,36.0,33.0,62.0,103.0,11.0,37.0,40.0,69.0,91.7
2021-09-06,113.0,93.0,76.0,49.0,52.0,31.0,81.0,71.0,22.0,43.0,38.0,52.0,90.1
2021-09-05,,,,,,,,22.0,15.0,,,4.0,90.4
2021-09-04,3.0,16.0,,34.0,24.0,16.0,,23.0,8.0,,,29.0,89.3
2021-09-03,83.0,40.0,42.0,41.0,17.0,27.0,50.0,78.0,14.0,42.0,22.0,33.0,88.3
2021-09-02,63.0,50.0,45.0,33.0,10.0,20.0,74.0,44.0,17.0,26.0,40.0,55.0,89.1
2021-09-01,78.0,63.0,54.0,53.0,35.0,53.0,57.0,96.0,24.0,47.0,51.0,66.0,87.9
2021-08-31,104.0,61.0,50.0,62.0,77.0,41.0,75.0,99.0,31.0,34.0,71.0,96.0,82.9
2021-08-30,103.0,61.0,90.0,72.0,42.0,22.0,60.0,92.0,21.0,35.0,19.0,45.0,81.6
2021-08-29,,,,,21.0,4.0,,13.0,,,,14.0,81.2
2021-08-28,,19.0,,2.0,26.0,10.0,,21.0,11.0,,,25.0,80.9
2021-08-27,64.0,34.0,16.0,36.0,41.0,25.0,43.0,74.0,29.0,35.0,15.0,41.0,81.2
2021-08-26,83.0,42.0,27.0,41.0,42.0,31.0,40.0,66.0,23.0,22.0,50.0,40.0,79.4
2021-08-25,94.0,51.0,35.0,41.0,45.0,52.0,54.0,87.0,40.0,35.0,33.0,66.0,76.0
2021-08-24,49.0,60.0,50.0,55.0,52.0,49.0,67.0,99.0,20.0,20.0,37.0,59.0,74.4
2021-08-23,78.0,58.0,48.0,74.0,30.0,45.0,69.0,63.0,8.0,41.0,60.0,39.0,75.0
2021-08-22,,,,,8.0,1.0,,7.0,,,,23.0,75.4
2021-08-21,,30.0,,,17.0,8.0,,18.0,11.0,,,17.0,75.6
2021-08-20,85.0,34.0,26.0,30.0,59.0,28.0,44.0,62.0,16.0,16.0,31.0,33.0,75.0
2021-08-19,63.0,46.0,23.0,35.0,25.0,19.0,34.0,55.0,29.0,45.0,32.0,37.0,75.5
2021-08-18,74.0,49.0,36.0,41.0,39.0,39.0,50.0,73.0,16.0,28.0,19.0,45.0,75.4
2021-08-17,45.0,46.0,32.0,62.0,59.0,34.0,59.0,64.0,18.0,37.0,43.0,58.0,72.4
2021-08-16,95.0,51.0,63.0,95.0,28.0,26.0,71.0,97.0,17.0,26.0,46.0,21.0,67.4
2021-08-15,,1.0,,,19.0,2.0,,17.0,,,,13.0,67.2
2021-08-14,2.0,24.0,,,26.0,8.0,,20.0,9.0,,,21.0,66.2
2021-08-13,51.0,39.0,28.0,39.0,48.0,40.0,48.0,52.0,8.0,28.0,36.0,25.0,60.3
2021-08-12,57.0,51.0,32.0,36.0,52.0,33.0,24.0,73.0,7.0,32.0,22.0,40.0,55.2
2021-08-11,55.0,49.0,36.0,55.0,49.0,9.0,49.0,96.0,17.0,25.0,30.0,36.0,50.3
2021-08-10,52.0,36.0,39.0,37.0,52.0,21.0,35.0,70.0,19.0,26.0,23.0,38.0,45.9
2021-08-09,41.0,51.0,40.0,59.0,8.0,22.0,35.0,86.0,20.0,24.0,41.0,25.0,41.3
2021-08-08,5.0,,,,19.0,,,11.0,,,,10.0,40.4
2021-08-07,1.0,18.0,,,20.0,9.0,,7.0,5.0,,,13.0,39.2
2021-08-06,37.0,15.0,23.0,19.0,14.0,25.0,29.0,24.0,8.0,13.0,8.0,13.0,37.9
2021-08-05,28.0,36.0,16.0,17.0,23.0,12.0,29.0,31.0,13.0,14.0,14.0,36.0,36.2
2021-08-04,41.0,33.0,33.0,31.0,24.0,20.0,28.0,40.0,9.0,14.0,26.0,29.0,32.9
2021-08-03,31.0,41.0,19.0,18.0,16.0,28.0,26.0,36.0,12.0,15.0,17.0,27.0,30.8
2021-08-02,38.0,29.0,21.0,39.0,7.0,15.0,13.0,57.0,15.0,10.0,22.0,18.0,29.8
2021-08-01,,,,,,,,6.0,,,,8.0,29.7
2021-07-31,,,,,12.0,5.0,,2.0,,,,7.0,29.7
2021-07-30,25.0,30.0,22.0,9.0,10.0,21.0,19.0,21.0,4.0,5.0,10.0,7.0,29.4
2021-07-29,15.0,24.0,27.0,17.0,21.0,10.0,14.0,30.0,9.0,5.0,11.0,23.0,27.6
2021-07-28,37.0,33.0,8.0,18.0,25.0,13.0,14.0,24.0,3.0,6.0,13.0,13.0,26.6
2021-07-27,20.0,25.0,14.0,29.0,16.0,21.0,24.0,31.0,3.0,5.0,10.0,9.0,26.3
2021-07-26,31.0,29.0,38.0,45.0,24.0,12.0,18.0,27.0,6.0,5.0,10.0,5.0,25.5
2021-07-25,,,,,,,,6.0,1.0,,,2.0,25.2
2021-07-24,,,,1.0,,10.0,,2.0,,,,13.0,25.1
2021-07-23,24.0,31.0,20.0,13.0,11.0,14.0,16.0,11.0,,10.0,7.0,15.0,24.2
2021-07-22,16.0,20.0,18.0,19.0,7.0,8.0,10.0,12.0,7.0,8.0,9.0,5.0,24.2
2021-07-21,26.0,27.0,17.0,27.0,10.0,8.0,11.0,15.0,9.0,8.0,8.0,6.0,23.0
2021-07-20,37.0,26.0,18.0,26.0,11.0,11.0,14.0,13.0,5.0,5.0,15.0,13.0,20.9
2021-07-19,39.0,34.0,27.0,28.0,10.0,10.0,21.0,20.0,6.0,9.0,8.0,9.0,17.8
2021-07-18,,,,,,,1.0,,,,,,17.8
2021-07-17,,6.0,,,,3.0,1.0,4.0,,,,5.0,17.4
2021-07-16,21.0,25.0,19.0,22.0,,4.0,11.0,12.0,8.0,1.0,9.0,9.0,15.4
2021-07-15,18.0,27.0,16.0,17.0,8.0,9.0,12.0,12.0,5.0,2.0,4.0,7.0,12.9
2021-07-14,15.0,14.0,21.0,9.0,5.0,7.0,14.0,19.0,5.0,,14.0,8.0,10.8
2021-07-13,25.0,19.0,12.0,12.0,7.0,5.0,9.0,9.0,4.0,4.0,6.0,3.0,9.3
2021-07-12,12.0,16.0,15.0,14.0,7.0,5.0,9.0,10.0,3.0,1.0,10.0,5.0,8.3
2021-07-11,,,,,,,,,1.0,,,,8.4
2021-07-10,,4.0,,,1.0,1.0,,,,,,1.0,8.3
2021-07-09,11.0,10.0,4.0,10.0,1.0,6.0,3.0,10.0,1.0,2.0,2.0,5.0,7.5
2021-07-08,8.0,9.0,8.0,4.0,7.0,2.0,,4.0,2.0,1.0,2.0,,7.2
2021-07-07,13.0,5.0,7.0,7.0,2.0,5.0,6.0,4.0,3.0,1.0,,1.0,6.7
2021-07-06,14.0,4.0,5.0,9.0,5.0,2.0,2.0,7.0,5.0,1.0,2.0,3.0,6.3
2021-07-05,10.0,10.0,9.0,10.0,6.0,1.0,6.0,11.0,,2.0,2.0,4.0,5.5
2021-07-04,,,,,,,,2.0,,,,2.0,5.3
2021-07-03,,,,1.0,,1.0,,,,,,1.0,5.5
2021-07-02,14.0,7.0,2.0,2.0,1.0,2.0,1.0,2.0,2.0,,2.0,3.0,5.6
2021-07-01,4.0,2.0,,8.0,2.0,3.0,1.0,2.0,1.0,6.0,1.0,5.0,5.9
2021-06-30,4.0,5.0,3.0,2.0,,2.0,4.0,7.0,3.0,1.0,2.0,3.0,6.3
2021-06-29,7.0,9.0,1.0,9.0,2.0,1.0,1.0,1.0,3.0,2.0,6.0,3.0,6.3
2021-06-28,5.0,5.0,5.0,2.0,3.0,3.0,2.0,5.0,5.0,2.0,1.0,1.0,6.8
2021-06-27,,,,,,,,,,,,,6.9
2021-06-26,,2.0,,,1.0,1.0,,,,,,4.0,7.1
2021-06-25,9.0,,4.0,2.0,,1.0,3.0,6.0,2.0,5.0,3.0,6.0,7.3
2021-06-24,9.0,3.0,2.0,5.0,1.0,1.0,4.0,3.0,9.0,3.0,4.0,3.0,6.8
2021-06-23,9.0,5.0,3.0,2.0,7.0,1.0,5.0,4.0,,4.0,1.0,11.0,7.1
2021-06-22,7.0,,6.0,2.0,4.0,3.0,4.0,5.0,1.0,4.0,4.0,4.0,7.6
2021-06-21,9.0,5.0,3.0,4.0,5.0,1.0,3.0,5.0,5.0,9.0,6.0,3.0,7.7
2021-06-20,,,,,,,,,,,,1.0,7.8
2021-06-19,,4.0,,3.0,6.0,,1.0,,,,,3.0,7.6
2021-06-18,9.0,12.0,2.0,1.0,5.0,3.0,4.0,1.0,1.0,3.0,1.0,7.0,8.7
2021-06-17,5.0,4.0,2.0,1.0,2.0,,,4.0,3.0,4.0,1.0,1.0,10.9
2021-06-16,8.0,8.0,3.0,5.0,8.0,2.0,5.0,5.0,2.0,5.0,10.0,4.0,12.3
2021-06-15,5.0,7.0,1.0,5.0,4.0,7.0,3.0,4.0,5.0,5.0,7.0,7.0,13.8
2021-06-14,16.0,3.0,5.0,7.0,5.0,,2.0,10.0,2.0,5.0,5.0,2.0,15.3
2021-06-13,,,,,,,3.0,1.0,,,,1.0,15.3
2021-06-12,,3.0,,1.0,2.0,,2.0,,,,,4.0,15.7
2021-06-11,16.0,2.0,4.0,8.0,17.0,6.0,10.0,5.0,3.0,5.0,2.0,10.0,17.4
2021-06-10,14.0,5.0,9.0,6.0,18.0,5.0,5.0,11.0,6.0,5.0,11.0,11.0,20.6
2021-06-09,14.0,6.0,1.0,13.0,27.0,7.0,6.0,7.0,6.0,6.0,6.0,18.0,23.2
2021-06-08,20.0,10.0,7.0,10.0,10.0,9.0,18.0,7.0,2.0,9.0,5.0,7.0,24.9
2021-06-07,14.0,4.0,10.0,23.0,19.0,7.0,2.0,7.0,8.0,17.0,4.0,2.0,27.1
2021-06-06,,,,,,,,4.0,,,,2.0,27.2
2021-06-05,,7.0,,3.0,3.0,2.0,3.0,6.0,,,2.0,1.0,28.2
2021-06-04,14.0,12.0,14.0,10.0,20.0,10.0,19.0,17.0,6.0,20.0,6.0,1.0,30.7
2021-06-03,29.0,17.0,8.0,19.0,15.0,4.0,9.0,81.0,7.0,8.0,8.0,19.0,31.8
2021-06-02,30.0,15.0,11.0,19.0,34.0,7.0,14.0,26.0,7.0,21.0,16.0,14.0,34.0
2021-06-01,22.0,12.0,11.0,9.0,20.0,11.0,12.0,29.0,3.0,17.0,17.0,11.0,35.8
2021-05-31,41.0,17.0,14.0,9.0,23.0,7.0,9.0,32.0,13.0,13.0,17.0,5.0,32.5
2021-05-30,,,,,,,4.0,,,,,4.0,33.0
2021-05-29,,18.0,,6.0,10.0,1.0,7.0,1.0,,12.0,,8.0,34.1
2021-05-28,31.0,21.0,14.0,18.0,39.0,8.0,30.0,32.0,8.0,10.0,21.0,9.0,36.3
2021-05-27,44.0,15.0,11.0,22.0,33.0,19.0,12.0,40.0,14.0,17.0,23.0,15.0,35.8
2021-05-26,39.0,25.0,29.0,14.0,9.0,7.0,46.0,51.0,21.0,29.0,19.0,7.0,39.7
2021-05-25,63.0,13.0,21.0,7.0,10.0,4.0,5.0,47.0,31.0,3.0,26.0,10.0,46.2
2021-05-24,,5.0,,10.0,37.0,7.0,11.0,,,9.0,,,55.3
2021-05-23,,,,,,,6.0,,,,,20.0,55.5
2021-05-22,1.0,14.0,,15.0,6.0,6.0,19.0,2.0,,25.0,8.0,8.0,57.5
2021-05-21,51.0,16.0,22.0,13.0,28.0,25.0,24.0,37.0,17.0,24.0,41.0,21.0,60.6
2021-05-20,31.0,15.0,20.0,30.0,20.0,18.0,23.0,26.0,9.0,33.0,10.0,14.0,57.3
2021-05-19,68.0,39.0,44.0,21.0,16.0,17.0,47.0,60.0,27.0,31.0,26.0,40.0,63.8
2021-05-18,85.0,42.0,46.0,32.0,25.0,23.0,49.0,73.0,19.0,13.0,41.0,32.0,64.7
2021-05-17,103.0,14.0,27.0,26.0,25.0,24.0,12.0,27.0,23.0,32.0,80.0,20.0,68.6
2021-05-16,1.0,,,,,,14.0,,,,,19.0,68.4
2021-05-15,,15.0,,45.0,24.0,6.0,22.0,,,49.0,,16.0,68.8
2021-05-14,101.0,22.0,49.0,38.0,19.0,11.0,19.0,65.0,38.0,14.0,43.0,14.0,73.6
2021-05-13,,1.0,,,27.0,17.0,29.0,,,24.0,1.0,27.0,86.5
2021-05-12,84.0,58.0,48.0,69.0,56.0,39.0,50.0,69.0,39.0,62.0,57.0,44.0,88.6
2021-05-11,64.0,40.0,33.0,28.0,38.0,30.0,38.0,74.0,36.0,34.0,43.0,56.0,96.0
2021-05-10,98.0,53.0,55.0,50.0,43.0,13.0,22.0,76.0,33.0,21.0,71.0,20.0,100.1
2021-05-09,,,,1.0,,,10.0,,,,,14.0,100.1
2021-05-08,,32.0,,12.0,17.0,23.0,38.0,1.0,,56.0,,15.0,100.7
2021-05-07,91.0,40.0,44.0,51.0,46.0,35.0,52.0,60.0,41.0,30.0,63.0,54.0,102.6
2021-05-06,54.0,47.0,39.0,40.0,57.0,20.0,67.0,65.0,42.0,46.0,69.0,55.0,107.4
2021-05-05,93.0,53.0,50.0,63.0,42.0,65.0,70.0,103.0,50.0,54.0,54.0,53.0,111.0
2021-05-04,109.0,62.0,39.0,85.0,72.0,38.0,61.0,108.0,20.0,78.0,76.0,39.0,116.1
2021-05-03,95.0,30.0,90.0,82.0,58.0,19.0,18.0,87.0,45.0,52.0,96.0,30.0,122.2
2021-05-02,2.0,,,,,,16.0,,,1.0,,8.0,124.1
2021-05-01,2.0,28.0,,29.0,36.0,31.0,52.0,1.0,,14.0,,23.0,129.8
2021-04-30,63.0,55.0,39.0,44.0,59.0,41.0,83.0,74.0,14.0,110.0,42.0,52.0,133.6
2021-04-29,75.0,71.0,61.0,63.0,79.0,55.0,78.0,104.0,54.0,24.0,59.0,53.0,136.7
2021-04-28,95.0,47.0,41.0,73.0,63.0,67.0,97.0,99.0,64.0,68.0,71.0,98.0,141.7
2021-04-27,120.0,83.0,58.0,90.0,68.0,55.0,75.0,183.0,58.0,56.0,54.0,74.0,143.2
2021-04-26,138.0,100.0,77.0,133.0,106.0,25.0,35.0,84.0,48.0,46.0,86.0,46.0,140.9
2021-04-25,2.0,,,,,5.0,34.0,,,,,56.0,141.3
2021-04-24,5.0,53.0,,32.0,58.0,30.0,72.0,4.0,,62.0,78.0,33.0,140.1
2021-04-23,131.0,59.0,89.0,66.0,85.0,45.0,54.0,84.0,33.0,72.0,44.0,52.0,143.5
2021-04-22,95.0,41.0,87.0,58.0,88.0,56.0,98.0,106.0,51.0,79.0,68.0,64.0,148.8
2021-04-21,152.0,104.0,79.0,63.0,60.0,96.0,103.0,140.0,63.0,66.0,73.0,67.0,153.7
2021-04-20,105.0,92.0,74.0,90.0,78.0,54.0,103.0,117.0,54.0,71.0,103.0,88.0,155.3
2021-04-19,139.0,37.0,99.0,110.0,53.0,30.0,37.0,128.0,32.0,38.0,100.0,37.0,154.4
2021-04-18,,,,,,1.0,53.0,,,,,56.0,154.1
2021-04-17,2.0,39.0,,44.0,22.0,44.0,38.0,27.0,,81.0,64.0,24.0,157.0
2021-04-16,135.0,52.0,70.0,71.0,71.0,45.0,119.0,111.0,54.0,79.0,59.0,71.0,160.7
2021-04-15,92.0,93.0,88.0,120.0,81.0,59.0,91.0,139.0,47.0,52.0,104.0,119.0,156.9
2021-04-14,137.0,101.0,85.0,85.0,103.0,69.0,140.0,177.0,66.0,84.0,108.0,89.0,143.1
2021-04-13,130.0,112.0,83.0,74.0,110.0,65.0,93.0,121.0,52.0,93.0,66.0,89.0,130.4
2021-04-12,134.0,45.0,140.0,73.0,,37.0,43.0,63.0,89.0,46.0,87.0,50.0,117.2
2021-04-11,,,,,,,50.0,10.0,,,,40.0,119.3
2021-04-10,,57.0,,38.0,100.0,50.0,69.0,21.0,,39.0,60.0,57.0,124.3
2021-04-09,103.0,81.0,139.0,48.0,88.0,79.0,89.0,112.0,100.0,77.0,59.0,99.0,104.6
2021-04-08,167.0,60.0,58.0,69.0,48.0,69.0,97.0,81.0,85.0,68.0,75.0,67.0,103.8
2021-04-07,67.0,50.0,90.0,70.0,70.0,40.0,76.0,89.0,35.0,35.0,62.0,54.0,113.9
2021-04-06,114.0,37.0,96.0,41.0,16.0,17.0,38.0,81.0,35.0,17.0,67.0,65.0,122.8
2021-04-05,,21.0,,69.0,61.0,57.0,33.0,1.0,,27.0,35.0,19.0,135.3
2021-04-04,,15.0,,,,,15.0,74.0,,24.0,12.0,36.0,133.3
2021-04-03,98.0,14.0,111.0,110.0,24.0,13.0,28.0,48.0,48.0,35.0,119.0,27.0,127.6
2021-04-02,3.0,41.0,,1.0,71.0,51.0,79.0,10.0,,54.0,,42.0,144.6
2021-04-01,94.0,60.0,83.0,87.0,67.0,55.0,65.0,110.0,58.0,101.0,49.0,86.0,145.2
2021-03-31,128.0,72.0,92.0,91.0,128.0,60.0,104.0,120.0,68.0,63.0,104.0,78.0,142.1
2021-03-30,126.0,62.0,62.0,98.0,73.0,79.0,67.0,108.0,79.0,46.0,83.0,66.0,144.4
2021-03-29,114.0,67.0,98.0,80.0,72.0,35.0,21.0,125.0,56.0,31.0,49.0,34.0,147.2
2021-03-28,3.0,1.0,,,,,53.0,,,,,45.0,146.6
2021-03-27,,37.0,,21.0,65.0,32.0,71.0,50.0,,69.0,84.0,37.0,140.8
2021-03-26,124.0,55.0,77.0,78.0,99.0,91.0,74.0,97.0,92.0,80.0,57.0,53.0,131.3
2021-03-25,104.0,85.0,71.0,79.0,40.0,39.0,60.0,179.0,52.0,97.0,72.0,57.0,126.5
2021-03-24,89.0,80.0,116.0,73.0,92.0,95.0,90.0,86.0,84.0,55.0,61.0,76.0,119.7
2021-03-23,164.0,67.0,82.0,60.0,39.0,90.0,67.0,102.0,46.0,172.0,95.0,49.0,108.8
2021-03-22,87.0,41.0,113.0,88.0,65.0,39.0,31.0,166.0,83.0,33.0,118.0,19.0,103.3
2021-03-21,23.0,,,,,,20.0,,,,,38.0,102.9
2021-03-20,17.0,48.0,,31.0,23.0,28.0,41.0,,,,40.0,26.0,103.2
2021-03-19,61.0,41.0,87.0,60.0,62.0,39.0,67.0,55.0,59.0,50.0,7.0,40.0,104.6
2021-03-18,121.0,45.0,76.0,42.0,43.0,48.0,57.0,75.0,45.0,51.0,87.0,68.0,102.3
2021-03-17,94.0,67.0,54.0,66.0,70.0,56.0,83.0,65.0,41.0,76.0,39.0,37.0,98.3
2021-03-16,65.0,35.0,54.0,63.0,48.0,39.0,61.0,80.0,24.0,59.0,47.0,61.0,93.9
2021-03-15,113.0,38.0,61.0,43.0,63.0,26.0,32.0,108.0,61.0,38.0,55.0,42.0,77.4
2021-03-14,,14.0,1.0,,,2.0,23.0,,,,,27.0,77.9
2021-03-13,1.0,28.0,,41.0,22.0,54.0,60.0,2.0,,12.0,41.0,5.0,75.3
2021-03-12,65.0,39.0,72.0,40.0,60.0,62.0,71.0,61.0,55.0,79.0,29.0,46.0,68.7
2021-03-11,89.0,50.0,65.0,53.0,20.0,66.0,64.0,54.0,34.0,45.0,55.0,78.0,62.3
2021-03-10,89.0,33.0,51.0,46.0,47.0,36.0,64.0,76.0,41.0,32.0,36.0,50.0,60.0
2021-03-09,58.0,43.0,60.0,62.0,38.0,20.0,35.0,23.0,37.0,23.0,53.0,23.0,60.7
2021-03-08,,12.0,,,,,15.0,24.0,,16.0,,7.0,72.6
2021-03-07,1.0,1.0,,,,7.0,15.0,38.0,,,,26.0,71.0
2021-03-06,,9.0,,19.0,21.0,19.0,37.0,,,4.0,28.0,31.0,70.0
2021-03-05,52.0,31.0,26.0,29.0,28.0,32.0,61.0,57.0,31.0,22.0,45.0,23.0,71.0
2021-03-04,39.0,27.0,33.0,41.0,32.0,32.0,63.0,31.0,41.0,47.0,28.0,27.0,71.5
2021-03-03,37.0,20.0,28.0,63.0,30.0,53.0,80.0,76.0,43.0,19.0,25.0,42.0,70.5
2021-03-02,56.0,36.0,25.0,42.0,20.0,26.0,48.0,44.0,48.0,57.0,43.0,54.0,69.8
2021-03-01,66.0,36.0,49.0,35.0,52.0,42.0,25.0,92.0,31.0,20.0,52.0,10.0,67.4
2021-02-28,,,,,,,7.0,,1.0,,,21.0,66.9
2021-02-27,,8.0,,12.0,6.0,23.0,29.0,,,5.0,32.0,17.0,68.0
2021-02-26,42.0,60.0,29.0,52.0,30.0,45.0,32.0,57.0,17.0,42.0,40.0,29.0,65.1
2021-02-25,47.0,37.0,38.0,49.0,21.0,52.0,44.0,53.0,34.0,36.0,23.0,24.0,63.1
2021-02-24,95.0,26.0,32.0,53.0,39.0,32.0,44.0,50.0,26.0,32.0,21.0,31.0,62.2
2021-02-23,58.0,35.0,54.0,44.0,16.0,31.0,50.0,65.0,34.0,23.0,29.0,34.0,59.3
2021-02-22,66.0,21.0,69.0,35.0,13.0,37.0,15.0,55.0,49.0,29.0,18.0,13.0,58.0
2021-02-21,,,,,,,7.0,,,,,4.0,58.7
2021-02-20,1.0,7.0,,26.0,20.0,15.0,38.0,,,6.0,33.0,29.0,56.5
2021-02-19,60.0,27.0,25.0,31.0,36.0,28.0,44.0,42.0,17.0,23.0,16.0,20.0,55.5
2021-02-18,69.0,26.0,33.0,27.0,31.0,26.0,21.0,45.0,35.0,23.0,28.0,19.0,55.5
2021-02-17,39.0,24.0,35.0,67.0,38.0,21.0,28.0,51.0,28.0,41.0,45.0,30.0,54.7
2021-02-16,39.0,29.0,46.0,19.0,18.0,20.0,27.0,42.0,31.0,28.0,41.0,29.0,57.2
2021-02-15,46.0,22.0,46.0,39.0,16.0,13.0,7.0,44.0,56.0,17.0,48.0,17.0,58.5
2021-02-14,,,,,,,5.0,1.0,,,,29.0,58.2
2021-02-13,,5.0,,15.0,19.0,2.0,27.0,,,17.0,5.0,7.0,60.9
2021-02-12,36.0,16.0,29.0,30.0,40.0,24.0,29.0,27.0,23.0,10.0,41.0,28.0,62.4
2021-02-11,49.0,28.0,33.0,33.0,21.0,14.0,20.0,37.0,36.0,39.0,39.0,31.0,63.8
2021-02-10,42.0,30.0,66.0,28.0,31.0,31.0,35.0,38.0,19.0,30.0,40.0,30.0,65.6
2021-02-09,42.0,42.0,24.0,22.0,36.0,20.0,37.0,53.0,41.0,46.0,58.0,39.0,66.8
2021-02-08,57.0,23.0,79.0,33.0,41.0,7.0,7.0,50.0,50.0,19.0,28.0,24.0,72.2
2021-02-07,,,,,,1.0,5.0,,,,,19.0,73.0
2021-02-06,1.0,21.0,,17.0,23.0,36.0,41.0,,,6.0,25.0,27.0,72.5
2021-02-05,63.0,38.0,40.0,27.0,28.0,16.0,46.0,42.0,19.0,26.0,11.0,31.0,75.8
2021-02-04,61.0,30.0,47.0,53.0,33.0,17.0,41.0,41.0,14.0,30.0,44.0,19.0,77.4
2021-02-03,61.0,31.0,58.0,26.0,50.0,21.0,41.0,33.0,40.0,35.0,38.0,51.0,81.7
2021-02-02,69.0,27.0,67.0,37.0,5.0,60.0,45.0,56.0,48.0,28.0,15.0,47.0,86.6
2021-02-01,119.0,63.0,107.0,23.0,53.0,18.0,18.0,80.0,52.0,35.0,28.0,21.0,86.3
2021-01-31,1.0,,,19.0,,5.0,19.0,,,,,12.0,86.3
2021-01-30,8.0,12.0,,40.0,21.0,9.0,37.0,,,7.0,25.0,17.0,88.8
2021-01-29,59.0,38.0,67.0,36.0,25.0,27.0,47.0,55.0,34.0,41.0,26.0,55.0,92.8
2021-01-28,60.0,35.0,63.0,49.0,41.0,43.0,32.0,48.0,28.0,13.0,32.0,43.0,97.5
2021-01-27,77.0,35.0,88.0,39.0,37.0,44.0,41.0,57.0,64.0,44.0,75.0,42.0,103.4
2021-01-26,91.0,46.0,40.0,44.0,57.0,61.0,65.0,72.0,70.0,49.0,44.0,46.0,108.8
2021-01-25,108.0,33.0,97.0,62.0,51.0,12.0,22.0,74.0,54.0,37.0,38.0,17.0,110.0
2021-01-24,,,,4.0,,9.0,20.0,,,6.0,,17.0,113.0
2021-01-23,,29.0,,19.0,34.0,32.0,38.0,,,31.0,26.0,57.0,113.8
2021-01-22,99.0,41.0,55.0,64.0,44.0,65.0,73.0,59.0,55.0,31.0,44.0,29.0,119.7
2021-01-21,81.0,46.0,73.0,54.0,47.0,39.0,38.0,67.0,39.0,65.0,51.0,59.0,129.0
2021-01-20,98.0,29.0,97.0,59.0,67.0,56.0,92.0,104.0,35.0,73.0,84.0,65.0,137.6
2021-01-19,132.0,87.0,121.0,68.0,53.0,54.0,66.0,65.0,79.0,62.0,46.0,50.0,145.2
2021-01-18,94.0,27.0,126.0,48.0,37.0,13.0,16.0,111.0,90.0,22.0,35.0,29.0,164.3
2021-01-17,7.0,,,42.0,,24.0,40.0,16.0,,21.0,,18.0,165.4
2021-01-16,2.0,23.0,,30.0,25.0,47.0,41.0,4.0,1.0,34.0,42.0,43.0,168.8
2021-01-15,65.0,51.0,86.0,62.0,50.0,90.0,85.0,98.0,102.0,70.0,67.0,51.0,179.2
2021-01-14,92.0,53.0,113.0,63.0,79.0,77.0,96.0,94.0,74.0,73.0,105.0,80.0,196.4
2021-01-13,105.0,60.0,186.0,78.0,99.0,67.0,99.0,125.0,54.0,110.0,95.0,97.0,201.6
2021-01-12,109.0,72.0,174.0,90.0,101.0,56.0,82.0,107.0,110.0,80.0,105.0,77.0,201.8
2021-01-11,165.0,93.0,263.0,75.0,104.0,57.0,84.0,157.0,151.0,53.0,119.0,24.0,192.6
2021-01-10,3.0,,,51.0,1.0,42.0,44.0,,,48.0,,19.0,199.4
2021-01-09,,9.0,,90.0,48.0,65.0,51.0,,,14.0,63.0,77.0,201.0
2021-01-08,124.0,72.0,185.0,110.0,101.0,95.0,106.0,98.0,111.0,131.0,48.0,78.0,174.1
2021-01-07,126.0,79.0,179.0,159.0,153.0,68.0,175.0,197.0,157.0,123.0,108.0,105.0,142.8
2021-01-06,141.0,108.0,163.0,116.0,142.0,64.0,130.0,97.0,97.0,111.0,81.0,117.0,133.9
2021-01-05,128.0,43.0,136.0,141.0,109.0,65.0,111.0,83.0,116.0,71.0,83.0,83.0,135.0
2021-01-04,63.0,79.0,162.0,103.0,117.0,37.0,64.0,148.0,126.0,33.0,34.0,41.0,139.1
2021-01-03,84.0,,,13.0,57.0,48.0,38.0,,,122.0,48.0,47.0,139.8
2021-01-02,5.0,54.0,,110.0,14.0,39.0,19.0,11.0,104.0,86.0,18.0,18.0,145.5
2021-01-01,163.0,3.0,,,,43.0,23.0,,,,16.0,23.0,143.0
2020-12-31,,32.0,,64.0,4.0,43.0,88.0,49.0,,30.0,89.0,83.0,145.9
2020-12-30,62.0,78.0,92.0,116.0,130.0,93.0,100.0,95.0,35.0,49.0,108.0,86.0,160.3
2020-12-29,120.0,101.0,119.0,93.0,137.0,75.0,115.0,114.0,21.0,97.0,102.0,114.0,166.7
2020-12-28,139.0,86.0,117.0,92.0,197.0,109.0,74.0,92.0,46.0,36.0,121.0,47.0,178.1
2020-12-27,45.0,,,22.0,53.0,71.0,48.0,88.0,,87.0,15.0,53.0,174.3
2020-12-26,139.0,33.0,,111.0,7.0,80.0,58.0,,106.0,94.0,38.0,24.0,169.2
2020-12-25,4.0,,,,6.0,42.0,89.0,1.0,,,15.0,21.0,206.2
2020-12-24,1.0,70.0,,40.0,,123.0,95.0,73.0,,89.0,8.0,88.0,235.5
2020-12-23,140.0,124.0,104.0,163.0,113.0,103.0,135.0,238.0,77.0,106.0,100.0,168.0,235.2
2020-12-22,141.0,127.0,104.0,72.0,169.0,132.0,130.0,145.0,104.0,84.0,107.0,128.0,228.4
2020-12-21,250.0,152.0,216.0,102.0,178.0,94.0,125.0,102.0,89.0,75.0,139.0,51.0,227.0
2020-12-20,8.0,,,43.0,,130.0,89.0,,,21.0,,53.0,225.9
2020-12-19,,58.0,,76.0,109.0,19.0,69.0,20.0,,41.0,44.0,67.0,225.0
2020-12-18,117.0,157.0,187.0,91.0,127.0,87.0,170.0,139.0,150.0,128.0,65.0,116.0,219.3
2020-12-17,214.0,162.0,157.0,135.0,51.0,131.0,164.0,210.0,106.0,110.0,82.0,139.0,212.9
2020-12-16,209.0,93.0,155.0,118.0,133.0,107.0,132.0,161.0,85.0,81.0,94.0,193.0,209.1
2020-12-15,183.0,55.0,90.0,70.0,114.0,105.0,95.0,66.0,123.0,81.0,107.0,103.0,209.2
2020-12-14,293.0,141.0,159.0,99.0,89.0,81.0,93.0,198.0,107.0,71.0,59.0,133.0,203.7
2020-12-13,5.0,,,66.0,,35.0,73.0,,,57.0,32.0,37.0,204.3
2020-12-12,,18.0,,64.0,13.0,74.0,123.0,46.0,,30.0,51.0,48.0,203.3
2020-12-11,155.0,117.0,111.0,126.0,123.0,135.0,118.0,144.0,86.0,48.0,93.0,69.0,206.7
2020-12-10,289.0,112.0,105.0,98.0,115.0,118.0,104.0,162.0,71.0,53.0,85.0,116.0,205.8
2020-12-09,84.0,122.0,122.0,96.0,142.0,144.0,89.0,167.0,131.0,133.0,75.0,115.0,198.7
2020-12-08,174.0,85.0,80.0,66.0,119.0,125.0,102.0,135.0,89.0,75.0,63.0,83.0,195.6
2020-12-07,242.0,63.0,165.0,51.0,111.0,109.0,74.0,173.0,170.0,19.0,64.0,81.0,191.8
2020-12-06,4.0,,,46.0,,34.0,67.0,9.0,,74.0,25.0,70.0,190.1
2020-12-05,1.0,30.0,,62.0,63.0,68.0,66.0,41.0,,43.0,9.0,47.0,191.7
2020-12-04,181.0,152.0,130.0,87.0,138.0,95.0,138.0,143.0,83.0,75.0,120.0,107.0,187.8
2020-12-03,240.0,168.0,111.0,119.0,122.0,107.0,105.0,88.0,65.0,69.0,59.0,142.0,185.7
2020-12-02,104.0,89.0,105.0,106.0,127.0,84.0,108.0,135.0,80.0,52.0,92.0,77.0,188.4
2020-12-01,158.0,85.0,69.0,88.0,125.0,67.0,82.0,119.0,67.0,57.0,77.0,90.0,199.4
2020-11-30,217.0,91.0,157.0,61.0,113.0,58.0,87.0,183.0,74.0,13.0,69.0,58.0,210.7
2020-11-29,,,,52.0,,54.0,38.0,30.0,,28.0,21.0,45.0,214.0
2020-11-28,,50.0,,39.0,96.0,37.0,69.0,1.0,,79.0,18.0,99.0,213.2
2020-11-27,163.0,89.0,147.0,82.0,119.0,47.0,155.0,167.0,38.0,77.0,120.0,103.0,217.7
2020-11-26,184.0,126.0,100.0,128.0,112.0,88.0,131.0,138.0,66.0,63.0,82.0,99.0,221.1
2020-11-25,135.0,57.0,122.0,123.0,138.0,94.0,140.0,140.0,58.0,76.0,79.0,96.0,223.4
2020-11-24,198.0,165.0,130.0,99.0,155.0,102.0,113.0,156.0,92.0,60.0,96.0,121.0,228.6
2020-11-23,150.0,290.0,179.0,65.0,111.0,57.0,232.0,236.0,65.0,40.0,89.0,82.0,229.2
2020-11-22,,,,55.0,68.0,38.0,125.0,6.0,,51.0,18.0,28.0,234.4
2020-11-21,1.0,23.0,,64.0,48.0,52.0,86.0,19.0,,73.0,22.0,71.0,234.3
2020-11-20,217.0,189.0,110.0,105.0,121.0,101.0,140.0,121.0,101.0,62.0,96.0,108.0,232.2
2020-11-19,210.0,229.0,72.0,109.0,98.0,117.0,91.0,206.0,83.0,82.0,38.0,108.0,235.4
2020-11-18,154.0,172.0,123.0,120.0,117.0,110.0,104.0,154.0,97.0,45.0,42.0,101.0,244.6
2020-11-17,223.0,199.0,117.0,142.0,94.0,135.0,159.0,252.0,73.0,106.0,74.0,106.0,234.4
2020-11-16,297.0,151.0,183.0,137.0,72.0,122.0,182.0,198.0,56.0,40.0,110.0,68.0,230.3
2020-11-15,6.0,,,50.0,77.0,139.0,73.0,171.0,,34.0,2.0,30.0,222.3
2020-11-14,4.0,30.0,,35.0,75.0,61.0,101.0,5.0,,43.0,29.0,72.0,221.0
2020-11-13,268.0,166.0,120.0,92.0,90.0,54.0,95.0,120.0,82.0,28.0,139.0,140.0,214.8
2020-11-12,344.0,98.0,92.0,126.0,121.0,77.0,168.0,199.0,88.0,111.0,45.0,89.0,207.8
2020-11-11,345.0,175.0,100.0,138.0,92.0,58.0,188.0,221.0,64.0,38.0,77.0,182.0,195.7
2020-11-10,177.0,121.0,107.0,124.0,83.0,97.0,191.0,173.0,33.0,64.0,73.0,64.0,196.3
2020-11-09,250.0,68.0,215.0,169.0,6.0,101.0,164.0,182.0,62.0,52.0,83.0,112.0,195.0
2020-11-08,,,,35.0,59.0,1.0,48.0,67.0,,14.0,1.0,64.0,196.9
2020-11-07,,11.0,,52.0,44.0,53.0,101.0,6.0,,34.0,60.0,47.0,195.3
2020-11-06,175.0,29.0,121.0,117.0,120.0,97.0,95.0,108.0,74.0,71.0,68.0,91.0,192.8
2020-11-05,195.0,98.0,130.0,119.0,103.0,91.0,150.0,193.0,49.0,46.0,43.0,85.0,185.8
2020-11-04,121.0,179.0,75.0,104.0,71.0,39.0,171.0,200.0,60.0,37.0,74.0,102.0,187.4
2020-11-03,132.0,99.0,127.0,131.0,87.0,86.0,217.0,188.0,37.0,54.0,78.0,95.0,181.7
2020-11-02,198.0,190.0,198.0,86.0,74.0,79.0,100.0,233.0,67.0,63.0,70.0,58.0,170.9
2020-11-01,2.0,,,32.0,37.0,,82.0,153.0,,9.0,,43.0,170.0
2020-10-31,,36.0,,88.0,46.0,23.0,64.0,,,26.0,9.0,58.0,168.3
2020-10-30,107.0,96.0,9.0,51.0,105.0,101.0,124.0,185.0,75.0,46.0,93.0,81.0,164.1
2020-10-29,133.0,95.0,101.0,103.0,77.0,53.0,75.0,146.0,38.0,52.0,77.0,97.0,160.1
2020-10-28,190.0,183.0,90.0,73.0,64.0,94.0,93.0,195.0,72.0,48.0,59.0,132.0,146.9
2020-10-27,165.0,139.0,118.0,82.0,60.0,83.0,97.0,165.0,26.0,41.0,63.0,82.0,140.8
2020-10-26,168.0,216.0,145.0,117.0,41.0,79.0,99.0,13.0,37.0,27.0,43.0,34.0,134.3
2020-10-25,,,,25.0,48.0,60.0,3.0,136.0,,25.0,14.0,16.0,130.6
2020-10-24,,61.0,,30.0,52.0,1.0,47.0,3.0,,2.0,12.0,77.0,127.4
2020-10-23,132.0,49.0,71.0,80.0,51.0,88.0,73.0,200.0,36.0,21.0,79.0,42.0,119.3
2020-10-22,163.0,81.0,52.0,73.0,69.0,38.0,111.0,146.0,33.0,34.0,32.0,68.0,113.3
2020-10-21,186.0,81.0,69.0,51.0,,31.0,75.0,151.0,33.0,31.0,41.0,61.0,107.2
2020-10-20,173.0,69.0,53.0,65.0,26.0,41.0,150.0,180.0,37.0,26.0,30.0,47.0,96.6
2020-10-19,120.0,140.0,44.0,78.0,21.0,42.0,99.0,140.0,32.0,9.0,32.0,22.0,91.4
2020-10-18,31.0,,,,26.0,14.0,30.0,76.0,,1.0,,14.0,90.2
2020-10-17,,13.0,5.0,19.0,31.0,24.0,31.0,,,6.0,,38.0,90.3
2020-10-16,118.0,61.0,41.0,70.0,28.0,44.0,44.0,113.0,15.0,13.0,31.0,48.0,87.0
2020-10-15,102.0,47.0,52.0,60.0,46.0,53.0,80.0,112.0,40.0,18.0,19.0,52.0,80.8
2020-10-14,110.0,68.0,36.0,59.0,20.0,15.0,61.0,98.0,16.0,27.0,27.0,50.0,78.3
2020-10-13,68.0,61.0,54.0,47.0,11.0,30.0,50.0,79.0,21.0,12.0,36.0,37.0,73.2
2020-10-12,108.0,71.0,39.0,38.0,37.0,32.0,47.0,143.0,27.0,8.0,13.0,28.0,65.6
2020-10-11,1.0,,,,29.0,17.0,41.0,41.0,,4.0,,13.0,64.6
2020-10-10,19.0,24.0,,27.0,15.0,12.0,28.0,1.0,,6.0,7.0,32.0,62.6
2020-10-09,94.0,43.0,37.0,41.0,40.0,32.0,58.0,86.0,13.0,17.0,13.0,32.0,58.1
2020-10-08,81.0,24.0,27.0,35.0,22.0,17.0,47.0,108.0,18.0,9.0,13.0,54.0,54.1
2020-10-07,79.0,50.0,35.0,35.0,23.0,33.0,58.0,112.0,13.0,13.0,11.0,31.0,48.2
2020-10-06,68.0,17.0,18.0,29.0,10.0,24.0,41.0,70.0,8.0,8.0,13.0,14.0,45.3
2020-10-05,62.0,38.0,24.0,31.0,9.0,27.0,28.0,40.0,21.0,3.0,15.0,15.0,42.3
2020-10-04,,,,,10.0,11.0,18.0,68.0,,1.0,,2.0,40.1
2020-10-03,,20.0,,16.0,4.0,8.0,13.0,15.0,,11.0,,9.0,39.7
2020-10-02,49.0,36.0,20.0,16.0,19.0,10.0,46.0,56.0,30.0,15.0,17.0,27.0,36.0
2020-10-01,51.0,32.0,26.0,39.0,18.0,28.0,45.0,15.0,14.0,4.0,24.0,15.0,33.8
2020-09-30,53.0,22.0,19.0,37.0,12.0,8.0,28.0,52.0,12.0,8.0,8.0,15.0,31.3
2020-09-29,32.0,24.0,12.0,17.0,14.0,11.0,18.0,45.0,12.0,5.0,9.0,17.0,30.0
2020-09-28,36.0,30.0,14.0,24.0,7.0,8.0,15.0,39.0,7.0,3.0,11.0,9.0,29.7
2020-09-27,,,,,,,6.0,8.0,,1.0,,12.0,29.7
2020-09-26,18.0,21.0,,8.0,3.0,2.0,19.0,1.0,,4.0,,7.0,29.0
2020-09-25,41.0,23.0,11.0,27.0,18.0,8.0,25.0,18.0,6.0,5.0,11.0,13.0,28.6
2020-09-24,55.0,21.0,15.0,19.0,8.0,18.0,23.0,40.0,13.0,2.0,2.0,12.0,27.2
2020-09-23,17.0,18.0,25.0,14.0,8.0,21.0,24.0,17.0,5.0,14.0,8.0,13.0,26.9
2020-09-22,24.0,24.0,18.0,24.0,5.0,8.0,17.0,26.0,2.0,5.0,4.0,12.0,25.5
2020-09-21,56.0,23.0,25.0,23.0,13.0,11.0,8.0,15.0,5.0,2.0,10.0,,22.9
2020-09-20,,,,,,,10.0,8.0,,5.0,5.0,,22.3
2020-09-19,,5.0,,14.0,7.0,,5.0,11.0,,9.0,,6.0,21.9
2020-09-18,29.0,41.0,11.0,23.0,6.0,17.0,15.0,25.0,4.0,6.0,8.0,7.0,19.1
2020-09-17,25.0,28.0,10.0,16.0,12.0,10.0,18.0,26.0,2.0,11.0,10.0,7.0,18.2
2020-09-16,30.0,28.0,12.0,13.0,9.0,14.0,14.0,23.0,10.0,9.0,4.0,8.0,16.5
2020-09-15,17.0,11.0,20.0,10.0,2.0,4.0,18.0,10.0,5.0,6.0,6.0,8.0,15.0
2020-09-14,33.0,30.0,,7.0,3.0,2.0,7.0,3.0,2.0,1.0,7.0,2.0,15.9
2020-09-13,,,,,,,1.0,4.0,,1.0,,,15.8
2020-09-12,,6.0,,2.0,3.0,3.0,10.0,11.0,,4.0,,4.0,15.9
2020-09-11,14.0,11.0,6.0,8.0,9.0,4.0,17.0,10.0,,3.0,1.0,5.0,16.8
2020-09-10,22.0,28.0,7.0,8.0,5.0,8.0,20.0,21.0,4.0,4.0,12.0,2.0,15.0
2020-09-09,27.0,17.0,10.0,9.0,5.0,1.0,5.0,21.0,5.0,2.0,3.0,9.0,14.3
2020-09-08,14.0,10.0,6.0,3.0,4.0,3.0,9.0,4.0,2.0,,1.0,3.0,14.5
2020-09-07,20.0,15.0,16.0,12.0,3.0,5.0,2.0,35.0,4.0,7.0,9.0,2.0,14.4
2020-09-06,,,,,,,1.0,,,1.0,,1.0,14.4
2020-09-05,,19.0,,3.0,3.0,6.0,9.0,,,1.0,,6.0,14.1
2020-09-04,15.0,29.0,11.0,7.0,7.0,7.0,12.0,14.0,2.0,2.0,8.0,6.0,13.7
2020-09-03,15.0,12.0,4.0,6.0,2.0,5.0,5.0,9.0,,2.0,8.0,9.0,13.6
2020-09-02,10.0,10.0,5.0,12.0,10.0,4.0,6.0,14.0,6.0,3.0,3.0,5.0,13.9
2020-09-01,15.0,4.0,10.0,10.0,4.0,7.0,6.0,5.0,1.0,,2.0,3.0,14.0
2020-08-31,33.0,19.0,28.0,10.0,6.0,4.0,4.0,10.0,4.0,,6.0,1.0,13.2
2020-08-30,,,,,,1.0,2.0,2.0,,,,,13.0
2020-08-29,,3.0,1.0,10.0,,2.0,5.0,6.0,,5.0,,3.0,13.0
2020-08-28,19.0,13.0,5.0,4.0,8.0,9.0,12.0,16.0,,4.0,7.0,7.0,12.2
2020-08-27,16.0,11.0,8.0,7.0,1.0,3.0,6.0,11.0,1.0,1.0,8.0,2.0,13.2
2020-08-26,20.0,14.0,13.0,4.0,11.0,4.0,7.0,15.0,2.0,2.0,6.0,1.0,12.4
2020-08-25,9.0,8.0,8.0,11.0,3.0,5.0,3.0,14.0,2.0,,3.0,3.0,12.6
2020-08-24,9.0,8.0,10.0,5.0,8.0,10.0,10.0,18.0,3.0,,12.0,2.0,12.7
2020-08-23,,,,,1.0,,,,,,,,12.8
2020-08-22,1.0,1.0,,4.0,5.0,4.0,5.0,2.0,,4.0,,6.0,12.8
2020-08-21,11.0,19.0,5.0,6.0,5.0,6.0,4.0,5.0,3.0,2.0,1.0,10.0,12.7
2020-08-20,27.0,10.0,6.0,10.0,3.0,9.0,4.0,12.0,4.0,5.0,15.0,5.0,12.2
2020-08-19,13.0,7.0,3.0,10.0,4.0,9.0,3.0,10.0,4.0,1.0,4.0,4.0,14.1
2020-08-18,13.0,6.0,7.0,1.0,2.0,11.0,12.0,10.0,1.0,5.0,1.0,6.0,14.9
2020-08-17,16.0,12.0,10.0,17.0,1.0,5.0,5.0,16.0,2.0,1.0,10.0,4.0,14.8
2020-08-16,,,,1.0,,,,2.0,,,,,14.8
2020-08-15,4.0,2.0,,3.0,2.0,,11.0,7.0,,,1.0,3.0,14.5
2020-08-14,21.0,15.0,2.0,6.0,,2.0,5.0,10.0,,1.0,,13.0,15.2
2020-08-13,19.0,8.0,3.0,7.0,5.0,2.0,9.0,15.0,9.0,1.0,2.0,9.0,15.1
2020-08-12,30.0,23.0,10.0,7.0,8.0,3.0,7.0,20.0,7.0,4.0,12.0,13.0,13.0
2020-08-11,23.0,8.0,8.0,10.0,6.0,3.0,11.0,19.0,,4.0,4.0,7.0,11.7
2020-08-10,15.0,14.0,5.0,9.0,8.0,,1.0,12.0,3.0,3.0,17.0,7.0,10.4
2020-08-09,,,,,1.0,,1.0,2.0,,2.0,,,10.3
2020-08-08,,,,,3.0,1.0,4.0,4.0,,3.0,,4.0,10.7
2020-08-07,30.0,16.0,4.0,3.0,2.0,1.0,6.0,20.0,4.0,2.0,8.0,7.0,9.9
2020-08-06,21.0,7.0,8.0,6.0,4.0,4.0,7.0,13.0,6.0,2.0,4.0,1.0,9.0
2020-08-05,13.0,5.0,2.0,16.0,1.0,2.0,9.0,7.0,2.0,2.0,6.0,2.0,9.0
2020-08-04,9.0,6.0,6.0,8.0,2.0,4.0,4.0,2.0,4.0,4.0,,8.0,9.2
2020-08-03,3.0,5.0,3.0,11.0,5.0,2.0,1.0,5.0,6.0,,4.0,2.0,9.1
2020-08-02,,,,,,,,,,,,,9.1
2020-08-01,6.0,1.0,,,2.0,3.0,4.0,12.0,,4.0,1.0,1.0,8.7
2020-07-31,23.0,10.0,5.0,6.0,4.0,5.0,4.0,9.0,1.0,4.0,2.0,3.0,8.3
2020-07-30,3.0,10.0,1.0,3.0,10.0,,1.0,10.0,1.0,4.0,,7.0,8.2
2020-07-29,7.0,9.0,7.0,6.0,5.0,2.0,6.0,9.0,1.0,2.0,4.0,9.0,7.1
2020-07-28,15.0,3.0,1.0,6.0,11.0,2.0,5.0,6.0,1.0,1.0,6.0,7.0,6.3
2020-07-27,4.0,2.0,7.0,3.0,11.0,1.0,1.0,8.0,,1.0,2.0,1.0,6.0
2020-07-26,,,,,,,3.0,,,,,,5.9
2020-07-25,3.0,2.0,,,2.0,2.0,4.0,,,1.0,,4.0,5.9
2020-07-24,7.0,5.0,10.0,7.0,2.0,3.0,4.0,8.0,1.0,2.0,8.0,4.0,4.8
2020-07-23,12.0,5.0,4.0,2.0,5.0,1.0,2.0,2.0,4.0,2.0,2.0,6.0,4.0
2020-07-22,2.0,1.0,3.0,5.0,3.0,,1.0,4.0,,4.0,2.0,2.0,3.9
2020-07-21,11.0,1.0,1.0,1.0,4.0,3.0,2.0,,,3.0,2.0,5.0,3.7
2020-07-20,6.0,1.0,2.0,2.0,1.0,5.0,2.0,6.0,,,1.0,4.0,3.6
2020-07-19,,,,,,,,,,,,,3.6
2020-07-18,,,,9.0,2.0,3.0,1.0,1.0,,,,3.0,3.2
2020-07-17,4.0,6.0,2.0,,1.0,2.0,1.0,1.0,1.0,,1.0,1.0,3.6
2020-07-16,,,,4.0,,2.0,3.0,1.0,,3.0,3.0,,4.0
2020-07-15,2.0,,1.0,2.0,,2.0,5.0,8.0,1.0,1.0,1.0,1.0,4.7
2020-07-14,2.0,,1.0,2.0,,1.0,5.0,,,1.0,11.0,2.0,5.0
2020-07-13,8.0,1.0,4.0,1.0,,1.0,1.0,,,,10.0,1.0,5.2
2020-07-12,,,,,,,1.0,,,,,,5.2
2020-07-11,,,,,,,1.0,1.0,,,,2.0,5.9
2020-07-10,7.0,3.0,2.0,2.0,2.0,4.0,,7.0,2.0,1.0,2.0,2.0,6.1
2020-07-09,5.0,4.0,1.0,2.0,3.0,1.0,2.0,4.0,,6.0,2.0,3.0,6.8
2020-07-08,4.0,3.0,1.0,1.0,2.0,1.0,3.0,4.0,,10.0,16.0,2.0,6.7
2020-07-07,10.0,4.0,3.0,3.0,1.0,2.0,2.0,1.0,,2.0,7.0,2.0,6.7
2020-07-06,7.0,,6.0,2.0,3.0,2.0,1.0,4.0,,3.0,5.0,,7.2
2020-07-05,,,,,,,1.0,,,,,1.0,7.2
2020-07-04,13.0,1.0,,2.0,1.0,1.0,11.0,2.0,,,,,6.9
2020-07-03,5.0,4.0,3.0,2.0,1.0,,5.0,5.0,3.0,4.0,6.0,3.0,6.9
2020-07-02,10.0,12.0,2.0,3.0,3.0,2.0,2.0,6.0,2.0,3.0,7.0,5.0,7.0
2020-07-01,8.0,5.0,6.0,3.0,2.0,1.0,1.0,8.0,,6.0,3.0,3.0,7.3
2020-06-30,10.0,1.0,,4.0,1.0,1.0,3.0,5.0,,,1.0,9.0,8.3
2020-06-29,14.0,6.0,4.0,3.0,1.0,,1.0,9.0,1.0,1.0,10.0,3.0,8.6
2020-06-28,,,,,,,,2.0,,,,,9.1
2020-06-27,,2.0,,,5.0,,2.0,6.0,,1.0,,1.0,9.6
2020-06-26,11.0,4.0,,3.0,2.0,6.0,1.0,9.0,1.0,3.0,,2.0,12.1
2020-06-25,10.0,2.0,1.0,5.0,6.0,2.0,12.0,9.0,2.0,3.0,5.0,5.0,13.9
2020-06-24,7.0,4.0,2.0,4.0,7.0,,4.0,14.0,3.0,3.0,3.0,7.0,14.7
2020-06-23,4.0,3.0,5.0,3.0,,3.0,11.0,13.0,5.0,4.0,9.0,11.0,14.8
2020-06-22,8.0,4.0,6.0,6.0,9.0,2.0,6.0,6.0,4.0,,6.0,6.0,13.9
2020-06-21,,,,,,,3.0,3.0,,14.0,,,13.7
2020-06-20,,6.0,,5.0,2.0,2.0,4.0,5.0,,5.0,,6.0,14.6
2020-06-19,23.0,35.0,5.0,13.0,20.0,1.0,8.0,6.0,1.0,9.0,2.0,13.0,12.1
2020-06-18,22.0,7.0,2.0,10.0,11.0,3.0,16.0,24.0,6.0,5.0,7.0,15.0,10.0
2020-06-17,9.0,18.0,3.0,4.0,1.0,,5.0,26.0,6.0,3.0,4.0,6.0,9.8
2020-06-16,6.0,4.0,8.0,7.0,7.0,1.0,1.0,19.0,3.0,8.0,4.0,8.0,9.3
2020-06-15,12.0,1.0,1.0,,,1.0,,5.0,7.0,4.0,,,9.2
2020-06-14,1.0,,3.0,,1.0,,,2.0,,1.0,2.0,2.0,9.1
2020-06-13,25.0,2.0,,3.0,5.0,2.0,6.0,13.0,,1.0,6.0,5.0,7.7
2020-06-12,2.0,1.0,3.0,3.0,6.0,2.0,1.0,11.0,1.0,3.0,1.0,8.0,7.5
2020-06-11,9.0,2.0,3.0,9.0,3.0,2.0,3.0,5.0,1.0,4.0,3.0,8.0,6.9
2020-06-10,6.0,1.0,2.0,2.0,16.0,,4.0,33.0,,4.0,4.0,5.0,6.3
2020-06-09,7.0,7.0,2.0,2.0,2.0,1.0,16.0,8.0,,1.0,4.0,7.0,5.9
2020-06-08,6.0,,3.0,2.0,,2.0,,7.0,7.0,,,2.0,5.2
2020-06-07,,1.0,1.0,,1.0,,,3.0,,1.0,1.0,,5.7
2020-06-06,,4.0,,,5.0,2.0,2.0,1.0,,2.0,,,5.9
2020-06-05,5.0,,4.0,2.0,6.0,,1.0,8.0,,1.0,4.0,4.0,5.7
2020-06-04,4.0,6.0,,4.0,,,1.0,7.0,,1.0,7.0,2.0,5.5
2020-06-03,4.0,8.0,3.0,1.0,12.0,7.0,,6.0,,7.0,7.0,,5.1
2020-06-02,5.0,12.0,5.0,,5.0,,8.0,2.0,,1.0,1.0,2.0,4.6
2020-06-01,1.0,,,,,,,,,,,1.0,5.2
2020-05-31,7.0,2.0,,1.0,6.0,2.0,,,,,9.0,,4.5
2020-05-30,,,,2.0,1.0,,1.0,3.0,,4.0,4.0,8.0,4.1
2020-05-29,7.0,1.0,1.0,1.0,,2.0,,3.0,2.0,4.0,3.0,5.0,4.3
2020-05-28,4.0,2.0,,4.0,1.0,,5.0,,,1.0,6.0,1.0,3.9
2020-05-27,6.0,1.0,4.0,1.0,2.0,1.0,4.0,6.0,1.0,4.0,7.0,5.0,4.0
2020-05-26,,1.0,1.0,,2.0,,2.0,2.0,3.0,2.0,6.0,3.0,4.6
2020-05-25,6.0,2.0,,1.0,,6.0,,4.0,1.0,1.0,1.0,,4.9
2020-05-24,,,,1.0,1.0,,,1.0,,,,,5.0
2020-05-23,1.0,,1.0,1.0,,1.0,1.0,,,1.0,1.0,1.0,5.2
2020-05-22,2.0,4.0,9.0,2.0,1.0,1.0,1.0,7.0,1.0,,6.0,1.0,4.7
2020-05-21,,,,3.0,3.0,,1.0,1.0,,,1.0,1.0,5.7
2020-05-20,3.0,8.0,6.0,5.0,2.0,2.0,3.0,5.0,,8.0,,3.0,6.1
2020-05-19,13.0,7.0,12.0,1.0,1.0,1.0,1.0,3.0,2.0,2.0,1.0,1.0,5.8
2020-05-18,3.0,1.0,12.0,,3.0,3.0,,5.0,2.0,1.0,,3.0,5.4
2020-05-17,,2.0,1.0,,,,2.0,1.0,,2.0,,,5.4
2020-05-16,,2.0,,2.0,2.0,2.0,,4.0,,2.0,2.0,,5.4
2020-05-15,4.0,,1.0,1.0,2.0,1.0,1.0,2.0,1.0,2.0,1.0,1.0,5.1
2020-05-14,6.0,2.0,1.0,3.0,19.0,2.0,2.0,6.0,2.0,,,2.0,5.4
2020-05-13,3.0,4.0,9.0,7.0,5.0,4.0,10.0,6.0,4.0,2.0,1.0,3.0,5.4
2020-05-12,6.0,3.0,,3.0,2.0,,,12.0,1.0,1.0,6.0,3.0,5.9
2020-05-11,1.0,2.0,3.0,2.0,,1.0,3.0,3.0,1.0,1.0,,,6.8
2020-05-10,,,,,1.0,1.0,1.0,1.0,,2.0,,2.0,7.4
2020-05-09,2.0,,3.0,5.0,,,3.0,1.0,1.0,,2.0,,7.8
2020-05-08,,,,,1.0,,3.0,,,,,,8.4
2020-05-07,4.0,3.0,6.0,4.0,5.0,9.0,5.0,7.0,10.0,2.0,1.0,2.0,8.4
2020-05-06,8.0,7.0,5.0,4.0,5.0,1.0,9.0,7.0,,4.0,3.0,5.0,8.6
2020-05-05,11.0,5.0,6.0,4.0,3.0,2.0,4.0,4.0,2.0,4.0,5.0,3.0,9.2
2020-05-04,6.0,5.0,4.0,3.0,,8.0,6.0,2.0,2.0,6.0,5.0,4.0,9.3
2020-05-03,,,2.0,3.0,4.0,3.0,8.0,,,9.0,1.0,1.0,9.0
2020-05-02,3.0,1.0,9.0,2.0,,2.0,,5.0,1.0,4.0,3.0,1.0,9.6
2020-05-01,4.0,1.0,,3.0,,2.0,6.0,1.0,2.0,2.0,,4.0,10.9
2020-04-30,5.0,3.0,12.0,1.0,3.0,1.0,3.0,11.0,6.0,6.0,5.0,1.0,11.8
2020-04-29,12.0,3.0,2.0,4.0,2.0,4.0,6.0,11.0,6.0,6.0,4.0,7.0,12.2
2020-04-28,7.0,2.0,5.0,4.0,4.0,7.0,13.0,6.0,1.0,8.0,13.0,5.0,12.2
2020-04-27,16.0,1.0,3.0,4.0,3.0,5.0,2.0,13.0,4.0,,3.0,1.0,11.9
2020-04-26,2.0,,1.0,3.0,,1.0,1.0,,5.0,8.0,,,12.2
2020-04-25,9.0,2.0,1.0,4.0,1.0,1.0,,6.0,3.0,3.0,18.0,5.0,13.0
2020-04-24,4.0,4.0,15.0,5.0,1.0,1.0,7.0,13.0,5.0,9.0,5.0,4.0,14.2
2020-04-23,7.0,5.0,8.0,13.0,1.0,4.0,11.0,13.0,8.0,12.0,1.0,5.0,14.4
2020-04-22,10.0,9.0,6.0,7.0,4.0,6.0,12.0,10.0,2.0,10.0,1.0,4.0,15.2
2020-04-21,4.0,5.0,9.0,9.0,1.0,3.0,1.0,15.0,4.0,15.0,4.0,5.0,15.2
2020-04-20,5.0,2.0,4.0,2.0,3.0,,6.0,12.0,1.0,6.0,2.0,2.0,15.5
2020-04-19,5.0,4.0,4.0,5.0,1.0,3.0,3.0,,1.0,4.0,,2.0,16.1
2020-04-18,4.0,5.0,12.0,4.0,7.0,3.0,9.0,11.0,12.0,6.0,2.0,6.0,16.3
2020-04-17,17.0,4.0,31.0,8.0,9.0,10.0,8.0,11.0,3.0,9.0,2.0,6.0,15.3
2020-04-16,12.0,4.0,12.0,14.0,8.0,3.0,8.0,13.0,1.0,6.0,10.0,3.0,17.6
2020-04-15,16.0,7.0,6.0,14.0,5.0,5.0,17.0,9.0,1.0,10.0,4.0,19.0,19.3
2020-04-14,12.0,3.0,7.0,6.0,4.0,5.0,6.0,11.0,7.0,2.0,1.0,9.0,22.8
2020-04-13,14.0,2.0,5.0,4.0,,8.0,2.0,5.0,2.0,6.0,,10.0,25.1
2020-04-12,9.0,3.0,7.0,7.0,,4.0,6.0,,,5.0,2.0,11.0,25.8
2020-04-11,33.0,5.0,8.0,3.0,3.0,15.0,2.0,4.0,3.0,4.0,2.0,5.0,26.3
2020-04-10,23.0,6.0,4.0,7.0,1.0,9.0,10.0,9.0,3.0,3.0,3.0,4.0,30.6
2020-04-09,28.0,14.0,28.0,12.0,3.0,13.0,18.0,21.0,11.0,8.0,8.0,13.0,32.2
2020-04-08,13.0,5.0,19.0,20.0,9.0,16.0,19.0,19.0,11.0,9.0,7.0,30.0,32.5
2020-04-07,32.0,9.0,18.0,41.0,14.0,17.0,18.0,14.0,13.0,10.0,3.0,13.0,32.8
2020-04-06,35.0,4.0,11.0,19.0,4.0,12.0,9.0,23.0,6.0,7.0,,12.0,33.5
2020-04-05,5.0,2.0,8.0,5.0,2.0,4.0,10.0,,3.0,3.0,11.0,25.0,33.7
2020-04-04,18.0,5.0,10.0,4.0,9.0,11.0,22.0,12.0,1.0,8.0,,7.0,36.2
2020-04-03,10.0,17.0,37.0,16.0,22.0,18.0,31.0,36.0,16.0,8.0,8.0,19.0,35.3
2020-04-02,36.0,24.0,21.0,31.0,10.0,19.0,19.0,33.0,9.0,7.0,11.0,17.0,36.7
2020-04-01,19.0,22.0,13.0,24.0,9.0,24.0,16.0,35.0,6.0,8.0,4.0,7.0,38.2
2020-03-31,46.0,11.0,19.0,24.0,3.0,27.0,24.0,16.0,8.0,7.0,11.0,17.0,37.9
2020-03-30,14.0,13.0,13.0,37.0,3.0,8.0,21.0,11.0,8.0,4.0,19.0,16.0,37.6
2020-03-29,16.0,4.0,11.0,6.0,5.0,12.0,9.0,1.0,6.0,2.0,,14.0,37.1
2020-03-28,26.0,14.0,11.0,21.0,14.0,40.0,13.0,40.0,7.0,11.0,,3.0,35.2
2020-03-27,46.0,20.0,32.0,16.0,6.0,6.0,23.0,25.0,11.0,6.0,6.0,8.0,34.2
2020-03-26,52.0,19.0,38.0,44.0,10.0,19.0,27.0,27.0,13.0,13.0,11.0,13.0,31.3
2020-03-25,26.0,46.0,18.0,37.0,9.0,8.0,30.0,30.0,17.0,4.0,5.0,14.0,28.6
2020-03-24,24.0,19.0,22.0,23.0,6.0,9.0,30.0,23.0,15.0,4.0,14.0,10.0,25.7
2020-03-23,20.0,9.0,9.0,24.0,9.0,6.0,13.0,15.0,12.0,2.0,10.0,30.0,23.0
2020-03-22,29.0,9.0,7.0,11.0,,3.0,2.0,3.0,2.0,2.0,,,21.9
2020-03-21,25.0,21.0,15.0,7.0,7.0,15.0,15.0,13.0,1.0,8.0,,,19.2
2020-03-20,17.0,16.0,16.0,14.0,8.0,11.0,16.0,18.0,15.0,5.0,10.0,23.0,16.2
2020-03-19,25.0,20.0,17.0,26.0,5.0,13.0,15.0,25.0,12.0,4.0,7.0,11.0,12.6
2020-03-18,23.0,19.0,10.0,16.0,3.0,10.0,25.0,11.0,8.0,3.0,7.0,10.0,9.7
2020-03-17,20.0,4.0,8.0,13.0,,6.0,11.0,6.0,9.0,6.0,6.0,3.0,8.1
2020-03-16,4.0,6.0,14.0,7.0,,6.0,6.0,2.0,4.0,1.0,6.0,7.0,7.0
